,City,Cloudiness,Country,Date,Humidity,Lat,Lng,Max Temp,Wind Speed
0,amapa,75,HN,1553252400,94,15.09,-87.97,295.15,1.11
1,tasiilaq,80,GL,1553251800,85,65.61,-37.64,265.15,2.1
2,santa cruz,75,US,1553254093,93,36.97,-122.03,282.59,1.5
3,lorengau,88,PG,1553254126,97,-2.02,147.27,301.48,4.31
4,nome,1,US,1553254112,87,30.04,-94.42,286.48,1.21
5,ushuaia,90,AR,1553252400,87,-54.81,-68.31,280.15,2.6
6,touros,20,BR,1553252400,100,-5.2,-35.46,299.15,2.1
7,louisbourg,,,,,,,,
8,busselton,0,AU,1553254005,43,-33.64,115.35,290.93,11.21
9,jamestown,44,AU,1553254127,86,-33.21,138.6,290.43,1.41
10,narsaq,75,GL,1553251800,39,60.91,-46.05,261.15,6.7
11,ponta delgada,20,PT,1553254108,82,37.73,-25.67,289.15,2.6
12,kodinsk,92,RU,1553254128,72,58.6,99.18,274.93,4.66
13,srednekolymsk,0,RU,1553254128,38,67.46,153.71,248.68,1.31
14,tyret pervaya,0,RU,1553254128,79,53.67,102.31,268.28,2.96
15,saleaula,,,,,,,,
16,wattegama,56,LK,1553254129,95,7.35,80.68,297.78,0.86
17,burns lake,44,CA,1553254129,78,54.23,-125.76,270.48,0.96
18,kadykchan,,,,,,,,
19,yambio,,,,,,,,
20,cherskiy,0,RU,1553254130,30,68.75,161.3,243.68,1.31
21,hithadhoo,32,MV,1553254130,100,-0.6,73.08,303.03,2.86
22,norman wells,20,CA,1553252400,79,65.28,-126.83,266.15,7.2
23,usagara,20,TZ,1553248800,45,-2.68,32.99,303.15,5.1
24,punta arenas,75,CL,1553253794,81,-53.16,-70.91,282.15,5.1
25,mataura,88,NZ,1553253605,87,-46.19,168.86,290.37,2.86
26,pandan,0,PH,1553254131,94,11.72,122.09,300.78,5.36
27,port alfred,92,ZA,1553253874,76,-33.59,26.89,297.04,0.45
28,kapaa,40,US,1553254093,73,22.08,-159.32,296.15,5.7
29,matara,90,PE,1553252400,65,-13.74,-72.9,281.15,0.56
30,khagrachari,,,,,,,,
31,lasa,20,CY,1553253373,64,34.92,32.53,295.15,1
32,taolanaro,,,,,,,,
33,upernavik,32,GL,1553254133,100,72.79,-56.15,247.93,2.86
34,husavik,0,CA,1553253950,91,50.56,-96.99,268.71,1.26
35,dikson,8,RU,1553254133,98,73.51,80.55,256.48,3.41
36,grindavik,75,IS,1553252400,74,63.84,-22.43,275.15,8.2
37,illoqqortoormiut,,,,,,,,
38,mrirt,,,,,,,,
39,plerin,0,FR,1553253630,71,48.54,-2.78,287.15,0.5
40,puerto ayora,8,EC,1553254134,100,-0.74,-90.35,297.08,1.21
41,clyde river,90,CA,1553252400,74,70.47,-68.59,241.15,2.6
42,hobart,75,AU,1553253976,77,-42.88,147.33,291.15,3.1
43,saint-augustin,0,FR,1553254033,39,44.83,-0.61,292.59,1.5
44,longyearbyen,90,NO,1553251800,79,78.22,15.63,270.15,4.6
45,rikitea,44,PF,1553254136,100,-23.12,-134.97,298.98,6.31
46,salalah,40,OM,1553248200,65,17.01,54.1,301.15,5.1
47,arti,36,RU,1553254136,87,56.43,58.53,277.03,2.86
48,palmas,68,BR,1553254136,97,-10.18,-48.33,298.03,2.11
49,ancud,90,CL,1553252400,100,-41.87,-73.83,284.15,2.6
50,krabi,40,TH,1553250600,63,8.06,98.92,306.15,5.1
51,klaksvik,20,FO,1553253600,70,62.23,-6.59,280.15,9.3
52,vaini,0,IN,1553248800,14,15.34,74.49,308.15,2.1
53,arklow,75,IE,1553253350,81,52.79,-6.14,284.82,9.3
54,adrar,0,DZ,1553252400,32,27.87,-0.29,293.15,6.2
55,ilulissat,20,GL,1553251800,42,69.22,-51.1,249.15,7.2
56,qasigiannguit,20,GL,1553251800,42,68.82,-51.19,249.15,7.2
57,saint-philippe,90,CA,1553254123,93,45.36,-73.48,275.93,2.6
58,iqaluit,20,CA,1553253769,60,63.75,-68.52,241.48,7.7
59,bredasdorp,40,ZA,1553253421,57,-34.53,20.04,297.59,5.1
60,castro,90,CL,1553252400,100,-42.48,-73.76,284.15,2.6
61,fortuna,0,ES,1553254104,38,38.18,-1.13,290.37,3.1
62,tumannyy,,,,,,,,
63,kavieng,68,PG,1553254141,100,-2.57,150.8,301.78,1.66
64,mar del plata,0,AR,1553254141,87,-46.43,-67.52,283.58,2.46
65,sentyabrskiy,,,,,,,,
66,port hardy,75,CA,1553252400,93,50.7,-127.42,280.15,1.5
67,ponta do sol,100,BR,1553254141,98,-20.63,-46,291.48,4.96
68,albany,90,US,1553254035,80,42.65,-73.75,276.15,4.6
69,erenhot,0,CN,1553254142,39,43.65,111.97,267.68,5.56
70,alugan,24,PH,1553254142,96,12.22,125.48,298.03,2.21
71,simbahan,0,PH,1553254142,99,6.3,120.58,300.98,3.96
72,bluff,44,AU,1553254143,51,-23.58,149.07,300.53,5.26
73,wembley,90,GB,1553253796,81,51.55,-0.3,284.26,3.6
74,along,92,IN,1553254143,96,28.17,94.8,286.03,0.71
75,falmouth,20,GB,1553253606,81,50.16,-5.07,287.04,5.1
76,nikolskoye,90,RU,1553254075,59,59.7,30.79,275.93,12
77,cape town,0,ZA,1553253774,47,-33.93,18.42,300.93,6.2
78,arraial do cabo,75,BR,1553252400,50,-22.97,-42.02,299.15,5.1
79,ahipara,20,NZ,1553254144,96,-35.17,173.16,290.68,1.16
80,vila,5,IT,1553254144,36,45.18,8.4,292.59,2.6
81,rantepao,88,ID,1553254145,100,-2.97,119.9,293.23,1.61
82,lamu,24,ID,1553254145,100,0.57,122.3,297.28,1.21
83,thompson,40,CA,1553252400,85,55.74,-97.86,262.15,1.5
84,placerville,1,US,1553254136,87,38.73,-120.8,282.15,1.06
85,chuy,24,UY,1553254146,90,-33.69,-53.46,292.13,1.01
86,saskylakh,68,RU,1553254146,70,71.97,114.09,255.88,9.46
87,torbay,75,CA,1553253804,87,47.66,-52.73,274.26,4.6
88,tahta,,,,,,,,
89,gloucester,75,GB,1553254104,71,51.87,-2.25,285.93,5.1
90,tricase,5,IT,1553254093,82,39.93,18.36,294.26,2.1
91,tsihombe,,,,,,,,
92,jinxiang,88,CN,1553248631,10,35.07,116.31,288.71,1.51
93,kungurtug,0,RU,1553254147,69,50.6,97.53,264.58,1.21
94,impfondo,24,CD,1553254148,94,1.62,18.06,300.53,1.26
95,cap malheureux,40,MU,1553254141,70,-19.98,57.61,304.15,5.1
96,puerto del rosario,40,ES,1553252400,68,28.5,-13.86,293.15,8.7
97,portland,40,US,1553253921,87,45.52,-122.67,281.48,3.1
98,pangnirtung,40,CA,1553252400,41,66.15,-65.72,244.15,1.5
99,dandong,64,CN,1553254149,51,40.12,124.37,275.53,2.01
100,tuatapere,76,NZ,1553253605,87,-46.13,167.69,290.37,1.96
101,burscheid,0,DE,1553254128,36,51.08,7.12,294.26,6.7
102,atuona,68,PF,1553254150,100,-9.8,-139.03,300.58,6.31
103,port elizabeth,90,US,1553254140,87,39.31,-74.98,279.26,12.9
104,airai,12,TL,1553254150,81,-8.93,125.41,295.63,0.31
105,dickson,1,US,1553253995,86,36.08,-87.39,275.37,2.1
106,mulchen,0,CL,1553254151,78,-37.72,-72.23,280.13,1.31
107,dwarka,0,IN,1553253307,21,28.58,77.04,302.15,4.1
108,hilo,90,US,1553254035,82,19.71,-155.08,292.15,1.5
109,los arabos,0,CU,1553254151,71,22.73,-80.72,291.48,4.71
110,yellowknife,20,CA,1553253799,72,62.45,-114.38,273.15,5.7
111,umba,0,RU,1553254152,77,66.69,34.34,274.48,5.21
112,wanning,0,AT,1553254143,41,48.64,13.53,291.48,6.2
113,alofi,76,NU,1553248800,88,-19.06,-169.92,297.15,4.1
114,atar,68,MR,1553254152,29,20.52,-13.05,301.03,4.76
115,namibe,0,AO,1553254153,97,-15.19,12.15,299.43,3.41
116,lipari,40,IT,1553254087,55,38.47,14.95,293.15,2.1
117,beloha,100,MG,1553254153,99,-25.17,45.06,295.38,3.71
118,carnarvon,76,ZA,1553254153,18,-30.97,22.13,300.33,2.16
119,qaanaaq,0,GL,1553254154,45,77.48,-69.36,239.08,4.41
120,dumai,0,ID,1553254154,69,1.68,101.45,302.58,2.41
121,guerrero negro,36,MX,1553254154,99,27.97,-114.04,285.53,5.91
122,san patricio,32,PY,1553254154,76,-26.98,-56.83,291.28,1.51
123,geilo,56,NO,1553254089,53,60.53,8.21,278.15,2.24
124,charters towers,92,AU,1553254155,78,-20.07,146.27,297.28,4.06
125,kedrovyy,0,RU,1553250600,30,56.17,91.82,280.15,5
126,betul,0,IN,1553254044,24,21.92,77.9,304.33,2.51
127,fairbanks,1,US,1553253933,55,64.84,-147.72,279.26,4.1
128,mehran,0,IR,1553250600,33,33.12,46.17,288.15,2.1
129,sitka,68,US,1553253427,81,37.17,-99.65,277.59,2.11
130,avarua,88,CK,1553250600,88,-21.21,-159.78,300.15,2.6
131,cabras,48,CO,1553254157,93,5.5,-75.6,287.73,0.71
132,miandrivazo,0,MG,1553254157,75,-19.53,45.46,302.83,0.31
133,provideniya,92,RU,1553254157,100,64.42,-173.23,261.28,11.86
134,magistralnyy,80,RU,1553254050,59,56.17,107.45,269.48,2.91
135,lebu,0,ET,1553254157,17,8.96,38.73,300.68,4.01
136,beisfjord,75,NO,1553253342,60,68.38,17.6,277.15,9.3
137,hermanus,56,ZA,1553253421,61,-34.42,19.24,300.93,2.68
138,dongsheng,92,CN,1553254158,92,29.72,112.52,281.23,5.66
139,esperance,20,TT,1553253907,88,10.24,-61.45,296.48,1.96
140,viedma,0,AR,1553254159,79,-40.81,-62.99,287.28,4.61
141,fougamou,20,GA,1553254159,89,-1.22,10.59,302.98,1.76
142,kulunda,0,RU,1553254159,49,52.57,78.94,278.88,3.06
143,homer,90,US,1553253906,86,59.64,-151.54,278.71,5.1
144,buariki,,,,,,,,
145,waverly,40,US,1553253911,81,37.04,-77.1,281.48,3.6
146,beringovskiy,44,RU,1553254160,77,63.05,179.32,254.98,9.31
147,ribeira grande,75,PT,1553252400,87,38.52,-28.7,289.15,5.1
148,shelburne,90,CA,1553254082,100,44.08,-80.2,275.37,2.1
149,ulaangom,24,MN,1553254161,93,49.98,92.07,266.83,0.86
150,tautira,75,PF,1553253790,74,-17.73,-149.15,300.15,2.1
151,new norfolk,75,AU,1553254155,77,-42.78,147.06,291.15,3.1
152,amderma,,,,,,,,
153,katsuura,75,JP,1553253654,61,33.93,134.5,283.15,10.3
154,east london,20,ZA,1553252400,64,-33.02,27.91,297.15,4.6
155,lata,12,IN,1553254162,61,30.78,78.62,283.18,0.76
156,kaitangata,76,NZ,1553254163,88,-46.28,169.85,286.48,1.76
157,mwinilunga,0,ZM,1553254163,39,-11.73,24.43,304.18,1.96
158,la sarre,92,CA,1553254163,81,48.8,-79.2,264.88,7.91
159,micheweni,0,TZ,1553254163,100,-4.97,39.83,301.68,6.36
160,bengkulu,,,,,,,,
161,tomatlan,0,MX,1553254164,84,19.93,-105.25,287.58,0.86
162,baoro,0,CF,1553254164,58,5.69,15.95,305.18,2.66
163,amzya,80,RU,1553254164,94,56.24,54.39,275.28,1.66
164,chicama,90,PE,1553252400,93,-7.84,-79.15,292.15,3.6
165,benguela,0,AO,1553254165,81,-12.58,13.4,303.83,3.66
166,rungata,,,,,,,,
167,hasaki,75,JP,1553253399,66,35.73,140.83,285.37,4.6
168,morehead,40,US,1553253353,86,38.18,-83.43,277.04,3.6
169,vila velha,68,BR,1553254095,96,-3.71,-38.6,298.15,0.45
170,mayo,20,CA,1553252400,64,63.59,-135.9,276.15,2.1
171,takestan,20,IR,1553248800,37,36.07,49.69,286.15,2.1
172,butaritari,88,KI,1553254166,100,3.07,172.79,299.38,2.56
173,mankono,12,CI,1553254167,61,8.06,-6.19,305.43,2.61
174,pevek,0,RU,1553254167,63,69.7,170.27,243.28,1.91
175,attawapiskat,,,,,,,,
176,saint george,75,GR,1553253805,58,39.45,22.34,288.15,2.6
177,gizo,20,IL,1553254135,64,31.8,34.94,295.93,4.6
178,barrow,76,AR,1553254168,71,-38.31,-60.23,285.88,4.61
179,itarema,24,BR,1553254168,100,-2.92,-39.92,299.58,1.06
180,balclutha,76,NZ,1553253956,88,-46.24,169.74,286.48,1.76
181,le port,0,FR,1553253914,32,42.87,1.37,290.37,1
182,atambua,44,ID,1553254061,100,-9.11,124.89,300.08,1.51
183,banjarmasin,20,ID,1553248800,74,-3.32,114.59,303.15,3.6
184,peniche,0,PT,1553254103,36,39.36,-9.38,291.48,5.1
185,bathsheba,75,BB,1553248800,78,13.22,-59.52,298.15,7.7
186,chokurdakh,0,RU,1553254170,24,70.62,147.9,246.08,4.76
187,san policarpo,24,PH,1553254170,96,12.18,125.51,298.03,2.21
188,palmer,0,AU,1553254050,73,-34.85,139.16,297.04,2.1
189,faanui,0,PF,1553254171,100,-16.48,-151.75,302.08,4.36
190,havre-saint-pierre,75,CA,1553252400,86,50.23,-63.6,272.15,2.1
191,townsville,92,AU,1553253344,83,-19.26,146.82,299.15,4.6
192,belyy,64,RU,1553254171,67,55.83,32.94,274.78,11.51
193,fez,20,MA,1553252400,45,34.03,-5.02,290.15,9.8
194,road town,75,VG,1553254032,83,18.42,-64.62,298.15,2.6
195,bitung,20,ID,1553250600,78,1.44,125.19,300.15,1
196,souillac,0,FR,1553254033,36,45.6,-0.6,290.37,2.1
197,boende,80,CD,1553254172,86,-0.28,20.88,299.58,1.36
198,jahrom,,,,,,,,
199,pisco,24,PE,1553252400,30,-13.71,-76.2,295.15,0.96
200,ossora,68,RU,1553254173,93,59.24,163.07,269.43,5.86
201,honiara,24,SB,1553254173,99,-9.43,159.96,296.38,0.91
202,bocaranga,,,,,,,,
203,pacific grove,40,US,1553254093,75,36.62,-121.92,282.59,2.1
204,mys shmidta,,,,,,,,
205,nuuk,90,GL,1553251800,92,64.17,-51.74,259.15,5.1
206,oblivskaya,24,RU,1553254174,71,48.54,42.5,279.78,4.36
207,tiksi,36,RU,1553254175,66,71.64,128.87,260.93,4.16
208,sagone,0,FR,1553252400,45,42.12,8.7,292.15,3.6
209,fort nelson,5,CA,1553252400,74,58.81,-122.69,271.15,1.5
210,karaul,,,,,,,,
211,alta floresta,92,BR,1553254175,93,-9.87,-56.08,297.33,0.56
212,barentsburg,,,,,,,,
213,orlea,75,RO,1553252400,62,43.75,24.38,287.15,1.86
214,waipawa,8,NZ,1553254176,93,-39.94,176.59,286.83,3.21
215,warqla,,,,,,,,
216,nehe,76,CN,1553254176,35,48.48,124.88,269.28,3.96
217,porbandar,0,IN,1553248800,48,21.64,69.61,304.15,5.1
218,mahebourg,40,MU,1553254141,70,-20.41,57.7,304.15,5.1
219,the valley,20,AI,1553253395,73,18.22,-63.06,298.15,4.1
220,qui nhon,,,,,,,,
221,kaeo,0,NZ,1553252893,93,-35.1,173.78,288.71,1.46
222,xuddur,0,SO,1553253909,20,4.12,43.89,309.68,5.36
223,aksu,75,KZ,1553250600,52,52.04,76.93,280.15,3
224,palana,0,RU,1553254179,73,59.08,159.95,269.73,3.86
225,antofagasta,0,CL,1553252400,77,-23.65,-70.4,289.15,1.5
226,visby,0,SE,1553253399,48,57.64,18.3,279.15,2.6
227,leningradskiy,36,RU,1553253999,83,69.38,178.42,247.93,2.36
228,chinautla,75,GT,1553252400,87,14.69,-90.49,288.15,6.2
229,kenai,90,US,1553254134,82,60.55,-151.26,279.15,6.2
230,ouesso,32,CG,1553254180,63,1.61,16.05,305.68,1.76
231,virginia beach,40,US,1553254026,75,36.85,-75.98,282.15,4.1
232,contai,0,IN,1553254180,86,21.78,87.75,300.83,2.31
233,maple creek,0,CA,1553254181,69,49.91,-109.46,268.68,2.86
234,talnakh,0,RU,1553254181,75,69.49,88.39,261.68,2.56
235,malibu,1,US,1553254134,60,33.61,-84.48,278.15,4.6
236,ikongo,64,MG,1553254181,97,-21.88,47.44,295.33,1.56
237,marsa matruh,40,EG,1553248800,68,31.35,27.25,291.15,4.1
238,penzance,40,GB,1553253906,87,50.12,-5.53,285.37,6.7
239,makakilo city,1,US,1553254167,72,21.35,-158.09,296.15,2.1
240,dunmore east,92,IE,1553254077,88,52.15,-6.99,284.26,3.58
241,noumea,0,NC,1553250600,73,-22.28,166.46,298.15,1
242,half moon bay,90,US,1553254158,93,37.46,-122.43,284.26,3.1
243,mount gambier,88,AU,1553248800,82,-37.83,140.78,291.15,3.6
244,jiwani,68,PK,1553254184,55,25.05,61.74,300.48,3.41
245,lompoc,90,US,1553254090,100,34.64,-120.46,282.15,1.5
246,varberg,40,SE,1553253485,81,57.11,12.25,282.15,4.1
247,abha,40,SA,1553248800,28,18.22,42.5,297.15,8.2
248,muros,0,ES,1553254128,47,42.77,-9.06,290.93,1.5
249,port lincoln,64,AU,1553254185,98,-34.72,135.86,291.58,2.51
250,victoria,75,BN,1553250600,79,5.28,115.24,302.15,2.6
251,tuktoyaktuk,44,CA,1553254185,86,69.44,-133.03,258.08,6.26
252,blackwater,8,GB,1553254181,87,51.33,-0.78,284.82,3.6
253,cedar city,90,US,1553253349,80,37.68,-113.06,275.15,3.1
254,tura,0,IN,1553254186,58,25.52,90.21,298.78,2.21
255,serenje,20,ZM,1553254186,51,-13.23,30.22,301.28,3.96
256,sobolevo,44,RU,1553254187,55,54.43,31.9,277.48,12.21
257,pokaran,0,IN,1553254187,28,26.93,71.92,302.73,3.56
258,roald,75,NO,1553253903,57,62.58,6.12,283.71,8.7
259,khatanga,0,RU,1553254187,78,71.98,102.47,250.88,3.96
260,chirongui,0,YT,1553252400,70,-12.93,45.15,305.15,3.1
261,quelimane,75,MZ,1553248800,79,-17.88,36.89,302.15,6.7
262,beckley,90,US,1553253909,78,37.78,-81.19,277.15,6.2
263,el sauce,0,SV,1553254188,91,13.67,-87.8,289.58,1.56
264,ayan,0,TR,1553254189,36,40.67,33.6,282.83,0.86
265,roma,0,IT,1553254084,32,41.89,12.48,297.04,3.1
266,kirakira,12,SB,1553254189,98,-10.46,161.92,302.58,5.11
267,vanimo,88,PG,1553254189,100,-2.67,141.3,298.38,7.11
268,gamba,0,CN,1553254190,79,28.28,88.52,263.33,4.11
269,brigantine,90,US,1553254080,87,39.41,-74.36,279.82,12.9
270,hami,64,CN,1553254190,43,42.84,93.51,281.93,1.41
271,hambantota,20,LK,1553249400,59,6.12,81.12,306.15,4.1
272,xuanzhou,92,CN,1553254191,65,30.95,118.78,283.08,4.21
273,tawkar,,,,,,,,
274,amalapuram,40,IN,1553250600,49,16.58,82,306.15,2.6
275,san quintin,20,PH,1553254191,70,17.54,120.52,297.58,1.21
276,elban,0,RU,1553254191,58,50.1,136.51,258.28,2.06
277,coahuayana,80,MX,1553254192,68,18.62,-100.35,287.68,1.11
278,uglekamensk,0,RU,1553254192,58,43.22,133.23,265.68,2.21
279,lakes entrance,0,AU,1553254084,94,-37.88,147.99,292.04,0.45
280,alappuzha,,,,,,,,
281,nizhneyansk,,,,,,,,
282,garden city,90,US,1553254158,93,40.73,-73.63,279.82,5.1
283,lagoa,0,PT,1553254028,42,37.14,-8.45,293.15,4.6
284,muhororo,20,RW,1553254193,76,-2.51,29.77,299.63,1.76
285,bethel,1,US,1553252160,80,60.79,-161.76,277.15,5.1
286,bambous virieux,40,MU,1553254141,70,-20.34,57.76,304.15,5.1
287,teguldet,88,RU,1553254195,74,57.31,88.17,274.38,3.46
288,bowen,75,AU,1553254072,83,-20.01,148.25,299.82,4.1
289,parrita,0,CR,1553253411,64,9.52,-84.33,294.26,8.2
290,constitucion,40,MX,1553253617,39,23.99,-104.67,283.71,1.5
291,kalmunai,68,LK,1553254196,75,7.42,81.82,302.38,2.31
292,kodiak,1,US,1553254147,86,39.95,-94.76,277.04,2.86
293,san-pedro,92,CI,1553254196,76,4.75,-6.64,302.43,2.96
294,beyneu,0,KZ,1553254197,61,45.32,55.19,285.43,3.11
295,villa carlos paz,0,AR,1553252471,93,-31.42,-64.5,288.15,3.6
296,riyadh,0,SA,1553252400,13,24.63,46.72,301.15,4.1
297,sal rei,40,CV,1553252400,60,16.18,-22.92,297.15,7.2
298,cehegin,0,ES,1553253879,38,38.09,-1.8,290.37,3.1
299,kirensk,88,RU,1553254198,68,57.78,108.12,270.43,4.11
300,liverpool,75,GB,1553254150,71,53.41,-2.98,286.48,4.6
301,codrington,68,AU,1553254035,94,-28.95,153.24,298.15,2.1
302,chiredzi,24,ZW,1553254199,72,-21.05,31.67,301.58,4.51
303,pingyin,80,CN,1553254199,36,36.28,116.45,282.33,3.01
304,bosaso,0,SO,1553253926,98,11.28,49.18,299.43,4.36
305,dunedin,48,NZ,1553253989,95,-45.87,170.5,288.15,1.61
306,ramsar,40,IR,1553248800,76,36.92,50.64,286.15,4.1
307,mehamn,75,NO,1553251800,82,71.03,27.85,273.15,13.9
308,te anau,80,NZ,1553254200,87,-45.41,167.72,285.78,1.06
309,erzin,75,TR,1553251800,46,36.95,36.2,297.15,1.5
310,sorong,56,ID,1553254200,100,-0.86,131.25,300.43,3.36
311,halalo,,,,,,,,
312,challans,0,FR,1553254026,36,46.85,-1.88,290.93,1.5
313,hofn,90,IS,1553252400,69,64.25,-15.21,277.15,11.8
314,bandarbeyla,0,SO,1553254201,100,9.49,50.81,299.23,3.66
315,lavrentiya,92,RU,1553254202,94,65.58,-170.99,260.03,15.81
316,wamba,8,CD,1553254205,26,2.14,27.99,309.93,1.61
317,sao felix do xingu,88,BR,1553254206,100,-6.64,-51.99,296.03,1.16
318,khamgaon,0,IN,1553254206,18,20.71,76.57,308.13,2.76
319,jega,12,NG,1553254207,17,12.22,4.38,312.43,4.56
320,nouakchott,75,MR,1553252400,77,18.08,-15.98,293.15,7.7
321,hernani,0,ES,1553254204,30,43.27,-1.98,295.93,3.6
322,vestmannaeyjar,90,IS,1553252400,100,63.44,-20.27,273.15,17.5
323,jawhar,0,IN,1553254210,24,19.91,73.23,308.08,3.66
324,shache,0,CN,1553254212,26,38.42,77.24,290.03,1.46
325,las vegas,40,US,1553253916,66,36.17,-115.15,283.15,1.5
326,aklavik,90,CA,1553252400,85,68.22,-135.01,261.15,3.1
327,kuche,,,,,,,,
328,bereda,0,ES,1553254204,42,43.27,-7.54,292.04,1.5
329,krasnoselkup,,,,,,,,
330,hammerfest,75,NO,1553253600,94,70.66,23.68,275.15,18.5
331,pavda,,,,,,,,
332,sabang,48,PH,1553254215,88,13.72,123.58,298.88,3.36
333,port shepstone,68,ZA,1553254215,100,-30.74,30.45,295.03,2.66
334,kysyl-syr,68,RU,1553254215,77,63.9,122.77,264.08,4.46
335,la paz,0,MX,1553253928,95,24.15,-110.32,282.03,1.36
336,zemio,0,CF,1553254216,34,5.02,25.13,310.43,2.51
337,wanaka,32,NZ,1553254216,86,-44.7,169.14,282.43,1.16
338,pierre,1,US,1553254122,100,44.37,-100.35,270.37,2.6
339,asfi,,,,,,,,
340,vardo,90,US,1553254063,60,39.62,-77.74,279.26,10.8
341,samusu,,,,,,,,
342,maceio,0,BR,1553252400,66,-9.67,-35.74,302.15,1.5
343,tambacounda,0,SN,1553252400,40,13.77,-13.67,303.15,3.1
344,havoysund,75,NO,1553253600,90,71,24.66,273.15,18.5
345,plainview,1,US,1553253875,67,34.18,-101.71,283.71,3.6
346,havelock,1,US,1553254216,87,34.88,-76.9,282.15,5.7
347,beira,0,ES,1553254204,42,43.2,-8.36,290.93,1.5
348,asau,,,,,,,,
349,tiznit,0,MA,1553254218,85,29.7,-9.73,293.03,1.61
350,vaitupu,,,,,,,,
351,suntar,68,RU,1553254219,73,62.16,117.65,267.08,4.36
352,turiacu,76,BR,1553254219,93,-5.01,-63,298.08,1.76
353,kalat,68,PK,1553254219,36,29.03,66.58,288.78,3.96
354,agropoli,0,IT,1553254207,42,40.35,15,293.15,5.7
355,madawaska,90,CA,1553254042,86,47.36,-68.32,273.15,4.1
356,north bend,1,US,1553254217,87,43.41,-124.22,279.82,3.6
357,port macquarie,90,AU,1553254205,88,-31.43,152.91,295.93,4.6
358,conceicao do araguaia,92,BR,1553253984,100,-8.26,-49.26,296.53,2.11
359,makaha,1,US,1553254167,72,21.47,-158.22,296.15,2.1
360,isangel,76,VU,1553254221,100,-19.55,169.27,300.43,6.81
361,georgetown,40,GY,1553252400,88,6.8,-58.16,299.15,4.1
362,pula,75,EC,1553254194,94,-1.95,-79.93,297.15,2.11
363,palabuhanratu,,,,,,,,
364,cabo san lucas,8,MX,1553253926,65,22.89,-109.91,288.71,2.41
365,anadyr,8,RU,1553253794,75,64.73,177.51,247.15,9
366,yangambi,8,CD,1553254223,55,0.77,24.47,307.28,1.21
367,acapulco,5,MX,1553251380,78,16.86,-99.88,296.15,1.51
368,los llanos de aridane,75,ES,1553252761,63,28.66,-17.92,291.15,8.7
369,bubaque,68,GW,1553254224,99,11.28,-15.83,298.43,2.76
370,rudbar,,,,,,,,
371,komsomolskiy,76,RU,1553254225,92,67.55,63.78,270.33,2.11
372,kisanga,40,CD,1553252400,54,-11.72,27.4,302.15,4.1
373,prince rupert,90,CA,1553252400,87,54.32,-130.32,280.15,1
374,huesca,0,ES,1553254216,33,42.14,-0.41,289.82,1.5
375,vertientes,20,CU,1553251800,88,21.26,-78.15,293.15,2.6
376,sinnamary,100,GF,1553254226,96,5.38,-52.96,299.43,4.91
377,vyyezdnoye,68,RU,1553254226,87,55.38,43.79,275.58,4.11
378,luderitz,0,NA,1553254226,94,-26.65,15.16,292.13,3.46
379,magnitka,20,RU,1553254226,77,55.34,59.7,277.83,1.16
380,tvardica,,,,,,,,
381,saint-georges,92,CA,1553254213,94,46.12,-70.67,273.71,2.46
382,padang,40,ID,1553248800,74,-0.92,100.36,303.15,1.5
383,cayenne,40,GF,1553252400,88,4.94,-52.33,298.15,3.26
384,umm kaddadah,8,SD,1553254228,8,13.6,26.69,310.73,5.21
385,adwa,12,ET,1553254228,29,14.16,38.9,301.58,0.71
386,petropavlovsk-kamchatskiy,90,RU,1553248800,79,53.05,158.65,268.15,6
387,tilichiki,0,RU,1553254229,62,60.47,166.1,253.58,1.21
388,kavaratti,0,IN,1553254229,100,10.57,72.64,301.93,4.01
389,avera,1,US,1553254224,65,33.19,-82.53,280.15,2.1
390,geraldton,90,CA,1553252400,67,49.72,-86.95,265.15,5.7
391,sangrur,20,IN,1553248800,23,30.24,75.84,301.15,3.6
392,turinsk,88,RU,1553254230,85,58.04,63.7,276.08,1.46
393,oranjemund,0,ZA,1553254230,90,-28.55,16.43,290.33,7.26
394,vostok,48,RU,1553254231,63,46.45,135.83,263.33,1.26
395,cockburn harbour,,,,,,,,
396,lebyazhye,90,RU,1553254186,59,59.96,29.42,275.93,12
397,kahului,75,US,1553253827,78,20.89,-156.47,295.15,3.1
398,dryden,75,CA,1553252400,62,49.79,-92.84,268.15,4.6
399,verkhoturye,80,RU,1553254232,68,58.86,60.81,277.18,1.71
400,namatanai,44,PG,1553254232,97,-3.66,152.44,301.73,1.16
401,chapleau,90,CA,1553252400,85,47.85,-83.4,264.15,7.7
402,maumere,12,ID,1553254233,95,-8.63,122.22,301.78,6.06
403,labuhan,36,ID,1553254233,97,-2.54,115.51,296.53,0.86
404,belushya guba,,,,,,,,
405,vanavara,88,RU,1553254233,80,60.35,102.28,272.83,5.16
406,ballina,75,IE,1553254208,87,54.11,-9.15,283.71,6.2
407,pacifica,75,US,1553254036,76,37.61,-122.49,284.82,2.6
408,tromso,75,NO,1553253600,80,69.65,18.96,275.15,8.2
409,archidona,68,EC,1553254234,89,-0.91,-77.81,288.33,0.96
410,shenandoah,1,US,1553254234,100,40.77,-95.37,276.48,2.21
411,shieli,76,KZ,1553254235,40,44.18,66.74,290.43,4.46
412,naze,32,NG,1553254235,73,5.43,7.07,305.68,4.11
413,oga,0,NG,1553254235,45,8.18,5.65,309.48,3.56
414,balabac,12,PH,1553254235,96,7.99,117.06,301.53,4.96
415,gambela,8,ET,1553254236,27,8.25,34.59,307.43,2.31
416,burnie,0,AU,1553253776,89,-41.05,145.91,290.93,2.68
417,evensk,8,RU,1553254236,100,61.92,159.24,265.08,6.16
418,atasu,8,KZ,1553254236,86,48.68,71.64,280.83,2.21
419,sabaudia,0,IT,1553254232,32,41.3,13.03,297.04,3.1
420,cidreira,8,BR,1553254237,80,-30.17,-50.22,294.33,3.51
421,boguchany,92,RU,1553254237,67,58.38,97.46,275.58,4.76
422,araouane,64,ML,1553254237,19,18.9,-3.53,306.43,4.81
423,buriti alegre,32,BR,1553254238,86,-18.14,-49.04,296.93,1.86
424,richards bay,92,ZA,1553254238,100,-28.77,32.06,293.83,1.51
425,gudari,0,IN,1553254238,73,19.34,83.79,299.28,1.51
426,biak,92,ID,1553254238,83,-0.91,122.88,301.68,2.21
427,iquitos,75,PE,1553252400,94,-3.75,-73.25,298.15,1
428,vylgort,,,,,,,,
429,san jeronimo,90,PE,1553252400,65,-13.65,-73.37,281.15,0.56
430,kalinagar,0,IN,1553254239,34,28.62,80.08,300.28,6.16
431,nantucket,90,US,1553254224,79,41.28,-70.1,278.71,5.1
432,port-gentil,40,GA,1553252400,66,-0.72,8.78,306.15,4.6
433,sao filipe,0,CV,1553254240,94,14.9,-24.5,294.88,6.56
434,henties bay,0,NA,1553252529,77,-22.12,14.28,293.15,4.02
435,pousat,,,,,,,,
436,yerkoy,0,TR,1553254241,36,39.64,34.47,284.93,2.51
437,karratha,76,AU,1553254068,66,-20.74,116.85,302.83,9.11
438,mackay,1,CA,1553252400,86,53.65,-115.58,271.15,2.1
439,stromness,75,CA,1553254232,95,42.87,-79.55,276.48,4.6
440,dennery,75,LC,1553254240,83,13.9,-60.89,298.15,4.1
441,samarai,92,PG,1553254242,100,-10.62,150.67,301.48,4.61
442,mimongo,56,GA,1553254242,82,-1.62,11.6,301.28,1.41
443,overyata,75,RU,1553250600,95,58.09,55.86,276.15,4
444,port keats,44,AU,1553254242,80,-14.25,129.55,303.28,5.71
445,belaya gora,0,RU,1553254243,33,68.54,146.19,242.78,1.61
446,bontang,24,ID,1553254243,100,0.12,117.47,300.23,1.96
447,celestun,0,MX,1553254243,100,20.87,-90.4,296.23,7.56
448,quatre cocos,40,MU,1553254141,70,-20.21,57.76,304.15,5.1
449,fresnillo,5,MX,1553252820,81,23.17,-102.87,281.15,2.96
450,aranda de duero,0,ES,1553254244,48,41.67,-3.69,285.93,1.71
451,deputatskiy,0,RU,1553254244,0,69.3,139.9,238.48,1.21
452,kirillov,90,RU,1553250600,93,59.86,38.38,275.15,5.16
453,lahij,0,YE,1553254245,33,13.06,44.88,305.68,4.41
454,raudeberg,75,NO,1553254203,57,61.99,5.14,283.71,21.1
455,wenatchee,1,US,1553254035,75,47.42,-120.31,280.15,4.6
456,dzilam gonzalez,0,MX,1553254245,84,21.28,-88.93,290.68,1.86
457,mayumba,56,GA,1553254245,92,-3.44,10.65,301.98,4.11
458,khani,90,GE,1553248800,93,41.96,42.96,282.15,5.1
459,camacha,75,PT,1553252400,55,33.08,-16.33,290.15,7.2
460,honningsvag,75,NO,1553251800,90,70.98,25.97,273.15,14.4
461,culpeper,90,US,1553254245,62,38.47,-78,282.15,2.1
462,bah,5,IN,1553250600,14,26.87,78.59,304.15,5.7
463,berlevag,40,NO,1553251800,99,70.86,29.09,273.15,14.9
464,gushikawa,90,JP,1553253793,68,26.35,127.87,293.15,3.6
465,todos santos,0,MX,1553254236,87,23.45,-110.23,289.26,4.21
466,rio grande,75,BR,1553252400,93,-32.03,-52.1,288.15,1.5
467,barcelos,0,PT,1553254066,39,41.53,-8.62,293.71,1.5
468,whitehorse,40,CA,1553253884,74,60.72,-135.06,277.04,4.6
469,vangaindrano,64,MG,1553254248,82,-23.35,47.6,300.38,2.06
470,tamandare,44,BR,1553254249,94,-8.28,-70.75,296.83,1.81
471,vallenar,8,CL,1553254249,74,-28.58,-70.76,286.03,1.46
472,turinskaya sloboda,56,RU,1553254249,94,57.62,64.39,275.43,1.41
473,malanje,12,AO,1553254249,63,-9.54,16.35,303.33,1.66
474,alzamay,20,RU,1553254250,43,55.55,98.67,277.68,3.21
475,ngunguru,48,NZ,1553252893,93,-35.62,174.5,288.71,2.31
476,igrim,56,RU,1553254250,60,63.19,64.42,276.03,2.21
477,lanzhou,20,CN,1553248800,33,36.06,103.82,280.15,5
478,sibolga,64,ID,1553254251,98,1.74,98.78,296.28,0.66
479,mandalgovi,0,MN,1553254251,63,45.76,106.27,265.83,2.11
480,iskilip,8,TR,1553254251,52,40.73,34.47,282.63,1.16
481,rock springs,1,US,1553252040,80,41.59,-109.2,272.15,6.7
482,arlit,8,NE,1553254252,36,18.74,7.39,303.33,3.36
483,ostrovnoy,92,RU,1553254252,92,68.05,39.51,272.43,5.16
484,solovetskiy,,,,,,,,
485,elizabethtown,90,US,1553253955,70,40.15,-76.6,279.26,8.7
486,grand-santi,88,GF,1553254252,85,4.27,-54.38,298.18,1.41
487,yar-sale,0,RU,1553254253,80,66.83,70.83,265.43,2.41
488,toliary,,,,,,,,
489,caravelas,88,BR,1553254253,100,-17.73,-39.27,301.28,6.16
490,tanout,0,NE,1553254253,10,14.97,8.88,313.63,4.51
491,san vicente,0,SV,1553254207,51,13.64,-88.78,300.15,4.6
492,san fernando,20,TT,1553254237,88,10.28,-61.46,297.04,1.96
493,lovozero,0,RU,1553254256,75,68.01,35.02,272.03,3.16
494,sur,0,OM,1553254256,82,22.57,59.53,298.33,1.31
495,vestmanna,24,FO,1553253600,70,62.16,-7.17,280.15,9.3
496,bendigo,56,AU,1553254227,53,-36.76,144.28,297.59,0.45
497,otjimbingwe,0,NA,1553254257,24,-22.35,16.13,309.03,2.31
498,katherine,40,AU,1553252400,88,-14.47,132.26,296.15,6.7
499,wooster,90,US,1553254024,80,40.8,-81.94,276.48,4.1
500,ahuimanu,1,US,1553254167,78,21.44,-157.84,296.15,4.6
501,fevralsk,,,,,,,,
502,zapolyarnyy,0,RU,1553253600,69,69.43,30.82,273.15,17.5
503,saldanha,0,PT,1553254258,32,41.42,-6.55,289.93,1.56
504,benghazi,92,LY,1553254201,90,32.12,20.07,291.13,11.01
505,nouadhibou,40,MR,1553252400,72,20.93,-17.03,293.15,4.6
506,viligili,,,,,,,,
507,moju,75,BR,1553252400,94,-1.89,-48.77,298.15,1.21
508,maraba,90,BR,1553252400,94,-5.35,-49.1,299.15,2.1
509,puerto colombia,40,CO,1553252400,88,10.99,-74.96,298.15,2.1
510,youghal,75,IE,1553254077,100,51.95,-7.85,284.26,7.7
511,margate,75,AU,1553254242,77,-43.03,147.26,291.15,3.1
512,bandiagara,44,ML,1553254260,20,14.35,-3.61,308.18,5.36
513,pedernales,100,EC,1553254261,97,0.07,-80.05,295.03,2.11
514,wellington,0,NZ,1553254018,87,-41.29,174.78,288.15,1.5
515,manta,0,RO,1553254206,32,45.1,24.1,287.59,5.36
516,insar,20,RU,1553254262,96,53.87,44.37,274.13,2.76
517,novikovo,44,UA,1553254262,79,45.05,34.56,283.53,3.36
518,phan rang,,,,,,,,
519,sisimiut,0,GL,1553254262,35,66.94,-53.67,241.73,1.61
520,baruun-urt,24,MN,1553254263,37,46.68,113.28,267.18,4.21
521,newcastle,64,ZA,1553253946,77,-27.76,29.92,292.33,2.56
522,mirador,76,BR,1553254263,90,-6.37,-44.36,296.88,4.36
523,coos bay,1,US,1553253925,87,43.37,-124.22,279.82,3.6
524,grand river south east,,,,,,,,
525,ketchikan,90,US,1553252160,87,55.34,-131.65,281.15,2.1
526,cururupu,92,BR,1553254264,100,-1.82,-44.87,297.78,1.76
527,vadlapudi,0,IN,1553254264,34,14.32,79.8,308.18,4.61
528,bikapur,0,IN,1553254264,30,26.66,82.14,303.73,5.01
529,waynesboro,1,US,1553254261,100,35.32,-87.76,275.15,2.16
530,suoyarvi,88,RU,1553254265,71,62.08,32.35,276.58,5.56
531,nguiu,,,,,,,,
532,eyemouth,88,GB,1553253865,71,55.87,-2.09,285.37,7.2
533,argelia,40,CO,1553252400,93,4.73,-76.12,292.15,2.6
534,comodoro rivadavia,0,AR,1553248800,51,-45.87,-67.48,288.15,8.2
535,taguatinga,40,BR,1553252400,88,-15.83,-48.06,294.15,0.5
536,yanan,,,,,,,,
537,saint-francois,0,FR,1553253415,50,46.42,3.91,291.48,2.6
538,westport,75,IE,1553254231,87,53.8,-9.52,284.82,6.2
539,ewa beach,1,US,1553254167,72,21.32,-158.01,296.15,2.1
540,iisalmi,20,FI,1553253600,55,63.56,27.19,275.15,12.3
541,poum,40,MK,1553252400,30,41.28,20.71,288.15,2.1
542,tala,5,MX,1553253855,71,20.65,-103.7,285.15,0.96
543,zyryanka,8,RU,1553254268,67,65.73,150.89,252.68,2.86
544,azimur,,,,,,,,
545,uglegorsk,68,RU,1553254268,81,49.08,142.06,263.28,3.66
546,shingu,75,JP,1553248800,57,33.72,135.99,283.15,8.7
547,sorland,75,NO,1553253600,93,67.67,12.69,275.15,9.8
548,knyaze-volkonskoye,20,RU,1553250600,38,48.46,135.46,268.15,2
549,kingman,1,US,1553254118,74,35.19,-114.05,284.26,4.1
550,shubarkuduk,56,KZ,1553254269,73,49.15,56.49,285.23,2.46
551,rocha,32,UY,1553254270,81,-34.48,-54.34,289.03,1.76
552,egvekinot,36,RU,1553254270,42,66.32,-179.17,247.28,1.96
553,fort-shevchenko,20,KZ,1553254270,82,44.51,50.26,282.33,2.96
554,pimenta bueno,92,BR,1553254270,97,-11.68,-61.19,296.08,1.16
555,vittoria,20,IT,1553254219,67,36.95,14.53,290.15,9.8
556,broken hill,68,AU,1553248800,16,-31.97,141.45,304.15,3.6
557,poya,92,NC,1553254271,92,-21.35,165.16,300.43,4.21
558,crotone,0,IT,1553251800,67,39.09,17.12,289.15,6.7
559,kyren,0,RU,1553254272,75,51.68,102.13,264.83,0.96
560,bayan,0,MN,1553254272,39,47.25,107.54,264.28,4.21
561,luganville,92,VU,1553254216,100,-15.51,167.18,299.03,2.96
562,tucuman,0,PE,1553254272,60,-17.17,-70.89,284.53,0.81
563,imbituba,75,BR,1553252400,77,-28.24,-48.67,293.15,1
564,aitape,88,PG,1553254273,100,-3.15,142.36,299.28,4.76
565,severo-kurilsk,92,RU,1553254273,99,50.68,156.12,271.33,14.56
566,diu,0,IN,1553254273,22,20.71,70.98,307.93,3.31
567,larsnes,75,NO,1553254250,57,62.2,5.58,283.71,21.1
568,miracema do tocantins,80,BR,1553253995,98,-9.56,-48.4,297.78,1.91
569,bozuyuk,20,TR,1553251800,43,39.91,30.04,286.15,2.1
570,falealupo,,,,,,,,
571,pecos,75,US,1553253736,87,31.42,-103.49,286.48,3.6
572,coquimbo,90,CL,1553252400,93,-29.95,-71.34,285.15,1
573,elizabeth city,1,US,1553254159,87,36.3,-76.22,282.59,6.76
574,nossa senhora da gloria,20,BR,1553254275,85,-10.22,-37.42,301.68,3.11
575,yumen,8,CN,1553254275,51,40.29,97.04,276.43,1.76
576,fershampenuaz,0,RU,1553254275,87,53.52,59.82,278.63,1.91
577,poronaysk,68,RU,1553254276,83,49.22,143.1,260.08,1.61
578,ixtapa,5,MX,1553253907,100,20.71,-105.21,293.15,3.1
579,ondorhaan,,,,,,,,
580,sambava,12,MG,1553254276,96,-14.27,50.17,302.73,7.76
581,toamasina,40,MG,1553252400,70,-18.17,49.38,304.15,4.6
582,cam ranh,20,VN,1553250600,74,11.92,109.15,303.15,3.6
583,porto murtinho,0,BR,1553254277,95,-21.7,-57.88,295.08,2.26
584,dymer,75,UA,1553254073,47,50.78,30.31,287.15,10
585,puerto maldonado,90,PE,1553252400,334,-12.59,-69.19,274.15,1.5
586,abhayapuri,68,IN,1553254278,42,26.33,90.67,299.33,2.41
587,smithers,1,CA,1553252400,92,54.78,-127.17,271.15,0.76
588,huarmey,24,PE,1553254278,87,-10.07,-78.15,290.48,1.11
589,barahona,44,DO,1553254181,100,18.21,-71.1,298.28,2.56
590,borovoy,56,RU,1553254279,88,63.23,52.89,274.73,2.31
591,jiuquan,0,CN,1553254279,64,39.73,98.49,268.38,1.11
592,dmitriyevka,88,GE,1553254279,100,43.08,41,276.03,1.16
593,salisbury,90,GB,1553254094,81,51.07,-1.8,284.26,2.1
594,wuchang,56,CN,1553254280,67,44.93,127.16,263.03,2.66
595,port dickson,75,MY,1553252400,70,2.52,101.79,304.15,4.1
596,nizwa,88,OM,1553254280,17,22.93,57.53,304.03,2.11
597,sovetskaya,12,RU,1553254264,4,44.78,41.17,281.48,10.73
598,paita,0,PE,1553252400,290,-5.09,-81.11,290.15,4.1
599,abu dhabi,0,AE,1553251020,22,24.47,54.37,305.15,3.6
600,pemangkat,,,,,,,,
601,catalina,20,CO,1553254281,84,8.86,-75.38,297.28,2.41
602,kuala terengganu,75,MY,1553248800,66,5.33,103.14,305.15,3.6
603,manaure,56,CO,1553254281,95,11.78,-72.45,297.78,5.61
604,urgut,75,UZ,1553250600,58,39.41,67.25,288.15,3.1
605,caucasia,80,CO,1553254282,97,7.98,-75.2,296.78,1.31
606,skalistyy,,,,,,,,
607,ambilobe,64,MG,1553254282,89,-13.19,49.05,301.78,1.46
608,mehtar lam,20,AF,1553252100,17,34.67,70.21,297.15,1.5
609,bratsk,8,RU,1553253794,63,56.15,101.63,273.15,4
610,faya,40,SA,1553252400,28,18.39,42.45,297.15,7.2
611,ankazoabo,32,MG,1553254283,63,-22.29,44.51,302.38,1.96
612,wiarton,90,CA,1553254146,86,44.74,-81.13,274.26,4.1
613,hirara,75,JP,1553248800,83,24.8,125.28,296.15,6.7
614,port hedland,80,AU,1553250600,70,-20.31,118.58,304.15,7.7
615,faranah,92,GN,1553254284,83,10.04,-10.74,298.28,3.76
616,nawa,0,IN,1553254284,14,27.02,75,302.83,4.31
617,sahrak,,,,,,,,
618,gopalpur,0,IN,1553254285,30,25.6,86.94,304.18,4.56
619,yulara,20,AU,1553252400,13,-25.24,130.99,307.15,3.6
620,guozhen,92,CN,1553254285,100,29.3,113.14,281.78,4.46
621,dicabisagan,0,PH,1553254286,100,17.08,122.42,295.18,2.16
622,haibowan,,,,,,,,
623,dien bien,,,,,,,,
624,dingle,20,PH,1553254286,50,11,122.67,301.13,5.11
